X,Y,objectid,date,tests,positives,hospitalized,icu,deaths,newcases,age_9,age10_19,age40_49,age50_59,age60_69,age70_79,age80_plus,ageunknow,age20_29,genderfemale,gendermale,gendeunk,age30_39,globalid,newtests,rolling_perc_pos_cases
-12994883.727,3899795.7453,59,2020/03/11 08:00:00+00,123,5,,,,1,,,,,,,,,,,,,,{78698F35-A6E9-48CB-8C8D-67A70EC15C1D},,
-12994883.727,3899795.7453,60,2020/03/12 08:00:00+00,147,10,,,,5,,,,,,,,,,,,,,{EFA2B0DB-A692-4632-8495-14B46E240096},,
-12994883.727,3899795.7453,61,2020/03/13 08:00:00+00,273,19,,,,9,,,,,,,,,,,,,,{AA7DF18A-6303-4758-A5F1-9B9CD4388A92},52,
-12994883.727,3899795.7453,62,2020/03/14 08:00:00+00,288,25,12,,,6,,,,,,,,,,,,,,{9A014068-714D-4FD4-B011-A16A1A49C07C},14,
-12994883.727,3899795.7453,63,2020/03/15 08:00:00+00,313,37,10,,,12,,,,,,,,,,,,,,{DA54D0B2-3C90-4FF2-8090-BE3BDB8C1B4E},25,
-12994883.727,3899795.7453,64,2020/03/16 08:00:00+00,338,50,10,,,13,,,,,,,,,,,,,,{3A63E2BF-1BBE-4CF2-8356-56D72CB6318B},25,
-12994883.727,3899795.7453,65,2020/03/17 08:00:00+00,382,59,11,,,9,,,,,,,,,,,,,,{E578E4BA-73AC-4FC7-B652-29114681EA02},77,
-12994883.727,3899795.7453,66,2020/03/18 08:00:00+00,1049,70,13,,,11,,,,,,,,,,,,,,{51DEC5D1-CE94-4482-9980-EE4D2C424D96},143,
-12994883.727,3899795.7453,67,2020/03/19 08:00:00+00,1369,100,27,,,30,,,,,,,,,,,,,,{7017D059-DDBF-46CB-856A-EF820A94A1FC},320,
-12994883.727,3899795.7453,68,2020/03/20 08:00:00+00,1462,118,34,13,,18,,,,,,,,,,,,,,{7EFE3E05-B1AE-4C49-8639-F44A12C549E8},93,
-12994883.727,3899795.7453,69,2020/03/21 08:00:00+00,2250,143,41,15,1,25,,,,,,,,,,,,,,{3E673173-4F9D-4895-948C-ECC65C569674},788,
-12994883.727,3899795.7453,70,2020/03/22 08:00:00+00,3082,197,37,18,1,54,,,,,,,,,,,,,,{5C978C42-3F7B-4D45-ADAB-603B326D99C5},422,
-12994883.727,3899795.7453,71,2020/03/23 08:00:00+00,3464,232,45,21,2,35,,,,,,,,,,,,,,{AB1303B3-9C1D-4D6D-AE1C-A5B87A1F8106},382,
-12994883.727,3899795.7453,72,2020/03/24 08:00:00+00,3968,283,59,29,2,51,,,,,,,,,,,,,,{4AE7B2F9-9316-42AF-8084-0AA5FCECEB88},504,
-12994883.727,3899795.7453,73,2020/03/25 08:00:00+00,5055,341,69,31,3,58,3,3,61,53,26,25,14,1,66,134,207,0,89,{FC4E66D2-6EF6-4C03-B359-024D3FEAD47A},1087,
-12994883.727,3899795.7453,74,2020/03/26 08:00:00+00,6078,417,85,38,5,76,3,4,73,65,31,29,20,2,84,166,249,1,106,{AD18F325-72ED-4902-B908-5DFAA067CEDD},1023,8.21392533
-12994883.727,3899795.7453,75,2020/03/27 08:00:00+00,6854,488,96,42,7,71,3,5,85,74,36,38,25,2,102,206,280,2,118,{B2D9C7AA-BA78-44CF-BD6E-F824F52E2080},776,8.25849621
-12994883.727,3899795.7453,76,2020/03/28 08:00:00+00,8129,519,106,47,7,31,4,6,90,79,37,39,26,1,107,219,298,2,130,{7F51D1FE-3E7C-4458-8189-8F57F43724FF},1275,7.11815562
-12994883.727,3899795.7453,77,2020/03/29 08:00:00+00,8816,603,118,51,7,84,4,6,105,91,52,45,29,2,121,256,345,2,148,{267024CD-7F59-4980-984E-C6DCCC9AF129},687,7.4454091
-12994883.727,3899795.7453,78,2020/03/30 08:00:00+00,10354,734,136,56,9,131,5,7,130,116,74,49,34,1,144,317,414,3,174,{4129822F-D772-4621-B42A-72CC528DAD6D},1538,7.5041141
-12994883.727,3899795.7453,79,2020/03/31 08:00:00+00,11343,849,158,65,11,115,6,8,154,125,93,62,41,3,163,380,461,8,194,{7048A6EE-9761-499C-97B5-85D9031E1D01},989,7.87872744
-12994883.727,3899795.7453,80,2020/04/01 08:00:00+00,13950,966,181,70,16,117,8,9,170,149,108,71,45,3,187,439,514,13,216,{B8B23A97-01DD-46A7-9A30-A6969FED3A11},2606,7.17373899
-12994883.727,3899795.7453,81,2020/04/02 08:00:00+00,15831,1112,211,85,17,146,10,12,192,177,136,88,55,6,198,519,585,8,238,{363254D3-A87F-46AD-874E-623969838593},1882,7.2018218
-12994883.727,3899795.7453,82,2020/04/03 08:00:00+00,16856,1209,228,89,18,97,10,14,212,202,152,91,64,4,209,570,630,9,251,{3083F3D2-711C-42B3-AE8D-2BCDA9E47F73},1025,7.28109984
-12994883.727,3899795.7453,83,2020/04/04 08:00:00+00,17663,1326,249,94,19,117,10,15,237,222,162,99,66,3,226,609,710,7,286,{D74A8EC5-6079-446E-8C3A-FC60E1309CBA},807,7.88508965
-12994883.727,3899795.7453,84,2020/04/05 08:00:00+00,18490,1404,269,102,19,78,10,15,254,235,172,109,71,3,235,657,739,8,300,{436AD7C9-A0C1-46CE-8447-C44A7EEF6BC5},827,7.83359294
-12994883.727,3899795.7453,85,2020/04/06 08:00:00+00,20336,1454,289,109,31,50,10,16,259,255,190,115,79,2,240,701,747,6,288,{FB8C8FA5-C189-46D0-A897-F61ABE58CD3E},1846,7.24276908
-12994883.727,3899795.7453,86,2020/04/07 08:00:00+00,21178,1530,316,122,36,76,10,16,268,278,201,123,86,3,244,737,785,8,301,{DE31A3B2-0960-4FB1-9E82-3C89964268F5},842,7.24578733
-12994883.727,3899795.7453,87,2020/03/07 08:00:00+00,,1,0,0,0,1,,,,,,,,,,,,,,{CE98E5A7-7D8E-4D20-BC84-069A17D43232},,
-12994883.727,3899795.7453,88,2020/03/08 08:00:00+00,,2,0,0,0,1,,,,,,,,,,,,,,{8AC07123-E9DA-4D83-9720-7BF93E4B6C44},,
-12994883.727,3899795.7453,89,2020/03/09 08:00:00+00,,2,0,0,0,0,,,,,,,,,,,,,,{52083240-452D-41A6-BD0F-2D424B2745BC},,
-12994883.727,3899795.7453,90,2020/03/10 08:00:00+00,,4,0,0,0,2,,,,,,,,,,,,,,{9DF87361-2D53-4A06-8DF9-A986B660061D},,
-12994883.727,3899795.7453,91,2020/04/08 08:00:00+00,22098,1628,348,132,40,98,10,20,283,293,224,131,90,2,255,790,832,6,320,{91DF75C6-1211-42E8-9509-1789C0C1A877},920,7.55148741
-12994883.727,3899795.7453,92,2020/04/09 08:00:00+00,23353,1693,374,140,44,65,10,21,292,305,235,137,92,2,264,821,867,5,335,{87D87A1B-745F-411E-BCE4-DDB4409F6CFE},1255,7.38639653
-12994883.727,3899795.7453,93,2020/04/10 08:00:00+00,24430,1761,396,144,45,68,10,22,304,318,245,143,104,2,270,853,902,6,343,{1188FC02-23EB-49D4-A836-2CC46D59EE77},1077,7.24283113
-12994883.727,3899795.7453,94,2020/04/11 08:00:00+00,25234,1804,415,152,45,43,10,22,312,328,250,145,109,3,273,877,922,5,352,{BF0B7977-5CFA-4983-A049-174185C3EBF6},804,7.51242327
-12994883.727,3899795.7453,95,2020/04/12 08:00:00+00,26132,1847,420,156,47,43,11,23,320,338,255,146,113,3,279,905,937,5,359,{8968D737-8C10-4C74-A06C-BE103216A9B1},898,7.18410718
-12994883.727,3899795.7453,96,2020/04/13 08:00:00+00,27048,1930,450,164,53,83,12,24,339,352,265,155,121,3,292,954,971,5,367,{F51422F6-8B3B-4281-9A0C-932C3D23C783},919,7.16296341
-12994883.727,3899795.7453,97,2020/04/14 08:00:00+00,27884,2012,488,173,60,82,12,32,350,367,275,160,124,3,308,989,1017,6,381,{8B04E729-AEFA-47E9-9986-5E098C6E135B},836,7.02973888
-12994883.727,3899795.7453,98,2020/04/15 08:00:00+00,29132,2087,507,181,63,75,12,34,362,383,286,163,129,3,316,1034,1047,6,399,{8214D428-5A7F-4CD3-9353-BADDCEB8DBAD},1248,7.38179903
-12994883.727,3899795.7453,99,2020/04/16 08:00:00+00,30246,2158,524,181,70,71,13,35,373,404,297,166,131,4,327,1073,1081,4,408,{734FAF3D-5255-4B6A-8FB7-839D9157A052},1114,7.25482036
-12994883.727,3899795.7453,100,2020/04/17 08:00:00+00,31639,2213,537,187,71,55,16,38,381,418,302,167,135,4,340,1099,1110,4,412,{202E75E1-0A79-46D4-8F9A-FDE5DAF3EAB8},1393,6.79020695
-12994883.727,3899795.7453,101,2020/04/18 08:00:00+00,32594,2268,552,188,71,55,17,39,389,429,312,173,138,4,344,1124,1140,4,423,{1D64512B-3A27-46CD-AC3A-082C55F7DCFB},955,6.30775412
-12994883.727,3899795.7453,102,2020/04/19 08:00:00+00,33904,2325,562,189,72,57,17,43,398,438,318,178,144,4,354,1149,1172,4,431,{36352C10-44F9-4761-ADD2-CCC39F847C64},1310,5.97392489
-12994883.727,3899795.7453,103,2020/04/20 08:00:00+00,34920,2434,592,199,87,109,18,46,420,459,329,186,151,4,370,1185,1243,6,451,{B0B5934D-DED2-4E72-AE1E-DE4E4ABB0D17},1016,6.71831082
-12994883.727,3899795.7453,104,2020/04/21 08:00:00+00,36464,2491,611,206,96,57,19,47,427,473,334,191,154,4,378,1214,1271,6,464,{B731FB84-6127-40A6-99F3-8ACD17BC8EEB},1514,6.29792254
-12994883.727,3899795.7453,105,2020/04/22 08:00:00+00,38689,2643,634,213,100,152,21,51,452,506,344,200,179,4,398,1284,1355,4,488,{FAEBE314-9510-4CC6-8B0A-F6C0564BAE4B},2255,6.11666868
-12994883.727,3899795.7453,106,2020/04/23 08:00:00+00,41811,2826,658,218,102,183,22,52,496,545,364,210,185,3,422,1377,1445,4,527,{4498D2FF-C56D-420E-944F-2888959B830F},3122,6.13726234
-12994883.727,3899795.7453,107,2020/04/24 08:00:00+00,43638,2943,683,225,111,117,22,54,515,576,376,213,191,3,438,1445,1494,4,555,{E078A04F-62DA-4C48-86BA-B8F21C86E182},1826,6.15304529
-12994883.727,3899795.7453,108,2020/04/25 08:00:00+00,44935,3043,696,227,111,100,23,57,528,598,393,231,195,3,449,1489,1551,3,566,{417B6C92-D797-4948-856C-37615963D4BC},1297,6.28838248
-12994883.727,3899795.7453,109,2020/04/26 08:00:00+00,45758,3141,706,230,113,98,24,65,537,609,397,233,199,3,472,1537,1601,3,602,{1F369052-C882-4873-96D1-CE03328AB926},823,6.59262278
-12994883.727,3899795.7453,110,2020/04/27 08:00:00+00,48303,3314,733,238,118,173,26,74,576,632,414,247,215,3,498,1618,1691,5,629,{E0613253-AA3B-4E15-957E-7A7CFC7DD3B9},2545,6.51171544
-12994883.727,3899795.7453,111,2020/04/28 08:00:00+00,50271,3432,761,241,120,118,26,81,598,649,431,259,224,3,519,1673,1754,5,642,{CAA6CB89-0E42-46B0-8D9D-24C4F64A4AF3},1966,6.34381701
-12994883.727,3899795.7453,112,2020/04/29 08:00:00+00,52574,3564,773,244,124,132,27,89,617,665,445,266,232,4,548,1747,1811,6,671,{867EFC75-E2F6-473A-921C-59B5A9A17E78},2303,6.30146337
-12994883.727,3899795.7453,113,2020/04/30 08:00:00+00,55199,3711,792,150,134,147,29,96,634,694,464,271,245,3,576,1826,1878,7,699,{13F5BDB7-4DCA-4E17-9850-8147BF5AD3B2},2625,6.2244489
-12994883.727,3899795.7453,114,2020/05/01 08:00:00+00,57601,3842,811,259,138,131,31,101,655,722,476,281,254,3,603,1882,1951,9,716,{939BA0AE-9EE9-4AB9-A017-E07C327BC8DE},2402,6.27528025
-12994883.727,3899795.7453,115,2020/05/02 08:00:00+00,59878,3927,828,266,139,85,34,107,663,739,494,286,257,3,612,1927,1993,7,732,{4E350960-FEBB-4C97-9048-FB650B118B0E},2277,6.08115538
-12994883.727,3899795.7453,116,2020/05/03 08:00:00+00,61171,4020,842,271,144,93,39,112,677,751,504,291,263,3,629,1971,2043,6,751,{D9E4192B-1857-405A-94EA-E6C8DC6412C8},1293,6.21698944
-12994883.727,3899795.7453,117,2020/05/04 08:00:00+00,63477,4160,864,275,150,140,42,119,691,784,514,300,273,3,649,2042,2111,7,785,{36233BF2-8AA7-4DF8-B527-BCA37B069267},2306,6.04468726
-12994883.727,3899795.7453,118,2020/05/05 08:00:00+00,65737,4319,882,281,158,159,46,132,720,803,526,315,286,7,670,2106,2206,7,814,{240C5EBA-AD49-415A-946B-8C67982F9D20},2260,6.23890785
-12994883.727,3899795.7453,119,2020/05/06 08:00:00+00,69062,4429,904,287,165,110,50,139,737,827,536,326,296,5,681,2169,2250,10,832,{86A6B9F5-4141-45B4-AF52-5DDB5F047240},3325,5.88080342
-12994883.727,3899795.7453,120,2020/05/07 08:00:00+00,72634,4662,919,289,169,233,54,148,770,865,555,339,317,7,729,2270,2383,9,878,{7B5E55B0-0A05-4FD8-B25B-06861B354213},3572,5.95717067
-12994883.727,3899795.7453,121,2020/05/08 08:00:00+00,76035,4776,938,291,175,114,57,152,797,882,567,344,324,5,746,2334,2434,8,902,{8CE173B8-0E04-4A46-9D90-F58E069DE432},3401,5.6582806
-12994883.727,3899795.7453,122,2020/05/09 08:00:00+00,79478,4926,955,297,175,150,59,160,824,902,585,355,330,4,774,2422,2496,8,933,{79610A1B-F88E-4889-BA91-4A6FE73FF3A8},3443,5.45149243
-12994883.727,3899795.7453,123,2020/05/10 08:00:00+00,82116,5065,973,302,175,139,62,165,846,928,597,357,341,4,805,2482,2574,9,960,{17A68F1F-4278-4359-8D55-DE74B8304DAC},2638,5.29211134
-12994883.727,3899795.7453,124,2020/05/11 08:00:00+00,84556,5161,996,309,190,96,62,168,865,951,602,367,346,4,818,2528,2622,11,978,{97CC729C-EFF2-47E3-B679-F75A1086C5E7},2440,5.09503186
-12994883.727,3899795.7453,125,2020/05/12 08:00:00+00,88097,5278,1019,316,194,117,63,171,885,975,609,376,350,6,839,2589,2678,11,1004,{1A9100F4-4890-409E-8A53-EFA10A93EB4D},3541,4.8802411
-12994883.727,3899795.7453,126,2020/05/13 08:00:00+00,92095,5391,1047,321,200,113,66,179,901,994,621,380,357,6,863,2643,2737,11,1024,{F0C57BB1-0F18-4BBB-A5EA-051ED7A23BCE},3998,4.62285873
-12994883.727,3899795.7453,127,2020/05/14 08:00:00+00,96150,5523,1070,325,208,132,68,181,921,1013,628,391,366,6,895,2710,2800,13,1054,{CCCE4808-2F10-4CB8-81B8-D068C1C6766D},4055,4.42480037
-12994883.727,3899795.7453,128,2020/05/15 08:00:00+00,100655,5662,1085,329,209,139,74,189,936,1037,640,403,384,5,915,2783,2867,12,1079,{60BEF046-884A-4198-8B63-47A86CF0D25B},4505,4.2272
-12994883.727,3899795.7453,129,2020/05/16 08:00:00+00,105018,5836,1104,332,209,174,77,200,961,1058,660,422,397,6,955,2879,2945,12,1100,{B867F28A-863A-441D-A0E3-AEAFA212A6CA},4363,4.22906
-12994883.727,3899795.7453,130,2020/05/17 08:00:00+00,108426,5946,1115,339,211,110,79,202,972,1070,680,440,406,6,976,2936,2998,12,1115,{D2BB4888-24A6-4E00-81B2-1C4B9A25A58B},3408,4.07575917
-12994883.727,3899795.7453,131,2020/05/18 08:00:00+00,111035,6026,1136,346,222,80,81,209,982,1085,693,442,408,7,985,2978,3036,12,1134,{E0450095-0118-4B8C-B568-8E4F4F289097},2609,3.92363
-12994883.727,3899795.7453,132,2020/05/19 08:00:00+00,115837,6140,1155,351,230,114,86,218,996,1106,708,448,410,5,1011,3036,3092,12,1152,{2C53E2A3-A8A2-4A06-8EC8-4819CFF36664},4802,3.63473
-12994883.727,3899795.7453,133,2020/05/20 08:00:00+00,120559,6315,1183,354,241,175,91,227,1023,1130,725,451,420,3,1049,3125,3177,13,1196,{42759666-D11A-48C2-8F10-B6020D69A3DA},4722,3.66235
-12994883.727,3899795.7453,134,2020/05/21 08:00:00+00,124615,6434,1209,361,242,119,94,239,1036,1149,740,458,424,3,1071,3197,3226,11,1220,{E605B0B9-EBDA-4CA6-ABBF-D53B02AB8EFB},4056,3.408938
-12994883.727,3899795.7453,135,2020/05/22 08:00:00+00,128410,6559,1224,369,249,125,97,244,1055,1173,753,459,430,4,1104,3273,3274,12,1240,{6FB116CE-1C53-4A91-95CE-C73C610BFFB5},3795,3.4042959
-12994883.727,3899795.7453,136,2020/05/23 08:00:00+00,132958,6701,1232,369,249,142,99,254,1075,1197,771,463,434,5,1137,3351,3339,11,1266,{8D5689CC-C641-4DF8-B462-47C0BFF4EE83},4548,3.318998
-12994883.727,3899795.7453,137,2020/05/24 08:00:00+00,136658,6797,1244,370,249,96,104,270,1082,1211,777,470,436,4,1158,3401,3386,10,1285,{38F21770-D96A-4632-8894-936FD9BE8613},3700,3.175534
-12994883.727,3899795.7453,138,2020/05/25 08:00:00+00,140566,6882,1255,375,249,85,105,277,1096,1225,782,474,439,5,1175,3442,3428,12,1304,{8652B91D-58FA-431B-B14A-295BBAC7D1C5},3908,3.0726656
-12994883.727,3899795.7453,139,2020/05/26 08:00:00+00,143587,6983,1271,377,255,101,108,283,1116,1241,788,478,441,4,1205,3487,3484,12,1319,{AECC7723-7CD7-4E61-A680-3F5B69A93B73},3021,3.0726256
-12994883.727,3899795.7453,140,2020/05/27 08:00:00+00,147286,7100,1285,377,260,117,111,288,1140,1257,801,483,445,4,1232,3552,3537,11,1339,{E1170257-CA6C-4CB3-A48D-C7B8FCF8B50C},3699,3.0937166
-12994883.727,3899795.7453,141,2020/05/28 08:00:00+00,151910,7240,1296,378,266,140,118,299,1162,1274,819,489,453,5,1259,3630,3598,12,1362,{8337B605-49C5-4AA7-8D8E-403428C7F83F},4624,3.0792682
-12994883.727,3899795.7453,142,2020/05/29 08:00:00+00,156210,7385,1314,381,269,145,120,310,1188,1300,830,495,468,4,1282,3709,3661,15,1388,{140A074B-DAB7-4870-9AE0-D667051854BE},4300,3.1014
-12994883.727,3899795.7453,143,2020/05/30 08:00:00+00,160139,7481,1324,385,269,96,123,319,1195,1308,839,505,475,4,1306,3757,3710,14,1407,{1505B17D-CC00-45FB-A998-728F32EB4048},3929,2.984343
-12994883.727,3899795.7453,144,2020/05/31 08:00:00+00,163794,7554,1331,385,269,73,125,324,1204,1317,847,506,479,4,1322,3793,3747,14,1426,{3BE1EEAC-B929-4C6D-A3B3-3C815961A136},3655,2.904204
-12994883.727,3899795.7453,145,2020/06/01 08:00:00+00,167733,7674,1341,387,276,120,128,331,1218,1337,854,513,483,6,1355,3859,3803,12,1449,{C6D07D6D-5F9F-474E-8B07-5B16D94096EB},3939,2.90663
-12994883.727,3899795.7453,146,2020/06/02 08:00:00+00,172673,7798,1363,392,283,124,132,339,1231,1353,869,521,489,5,1385,3919,3867,12,1474,{FEAAF636-72B2-4B52-81FE-0A6ED06E671C},4940,2.917165
-12994883.727,3899795.7453,147,2020/06/03 08:00:00+00,176387,7940,1383,395,288,142,140,350,1243,1374,883,531,502,5,1421,3995,3930,15,1491,{B500EB7A-99A3-4D01-A235-C35202177B68},3714,2.9107258
-12994883.727,3899795.7453,148,2020/06/04 08:00:00+00,182323,8180,1397,397,294,240,154,364,1273,1413,895,542,505,4,1483,4138,4032,10,1547,{28C5C6BC-2992-4840-9953-B7B1B238458A},5936,3.025577
-12994883.727,3899795.7453,149,2020/06/05 08:00:00+00,186186,8345,1416,401,296,165,161,370,1304,1446,908,550,511,4,1523,4223,4112,10,1568,{C81D41ED-EE28-4925-99A5-8C1E91E0A47A},3863,3.0912
-12994883.727,3899795.7453,150,2020/06/06 08:00:00+00,191918,8476,1421,402,296,131,165,378,1324,1465,921,554,515,4,1561,4290,4177,9,1589,{94DDF467-EB36-4914-A48D-F00BB47CB445},5732,3.010515
-12994883.727,3899795.7453,151,2020/06/07 08:00:00+00,195762,8619,1429,403,296,143,170,389,1346,1482,929,560,519,4,1601,4363,4247,9,1619,{C91D89CC-1253-4A67-A933-6AE94B83ED7F},3844,3.0827016
-12994883.727,3899795.7453,152,2020/06/08 08:00:00+00,199725,8729,1441,408,301,110,173,395,1362,1504,939,561,525,4,1628,4422,4299,8,1638,{5F9887C8-BB61-4CC0-906B-FA8658874BF6},3963,3.12209469
-12994883.727,3899795.7453,153,2020/06/09 08:00:00+00,203579,8837,1447,410,305,108,178,408,1374,1514,945,562,528,5,1653,4486,4342,9,1670,{85FC52E7-9EC5-4FC3-A9D2-33B1DE69B245},3854,3.0904121
-12994883.727,3899795.7453,154,2020/06/10 08:00:00+00,208576,8998,1459,414,308,161,186,415,1395,1533,963,564,537,5,1692,4569,4420,9,1708,{F015C7E4-DAA4-4EA3-9D0D-CCFD716ADDBE},4997,3.09675314
-12994883.727,3899795.7453,155,2020/06/11 08:00:00+00,214960,9130,1489,421,313,132,189,419,1421,1559,973,572,541,5,1720,4638,4483,9,1731,{538AAB7F-80E3-436A-8422-FABEA0212A3C},6384,2.9976
-12994883.727,3899795.7453,156,2020/06/12 08:00:00+00,220743,9314,1501,425,319,184,196,425,1443,1585,989,582,560,5,1766,4741,4563,10,1763,{9BC12B42-6462-42AA-B108-42351C0A5347},5783,2.98916833
-12994883.727,3899795.7453,157,2020/06/13 08:00:00+00,227494,9440,1519,426,319,126,206,436,1460,1603,1004,592,562,6,1792,4809,4619,12,1779,{8B0D1473-EB43-497F-9692-EB85AAA64167},6751,2.90847004
-12994883.727,3899795.7453,158,2020/06/14 08:00:00+00,232701,9610,1530,429,320,170,215,445,1476,1633,1022,600,568,6,1840,4888,4710,12,1805,{773E771C-78A9-4707-8582-7C6DFE152EFD},5207,2.98373169
-12994883.727,3899795.7453,159,2020/06/15 08:00:00+00,237539,9730,1543,432,323,120,219,450,1494,1650,1038,603,570,6,1874,4958,4760,12,1826,{CA8ED898-5C9B-4977-BDA3-B16576DFA8B9},4838,2.94530556
-12994883.727,3899795.7453,160,2020/06/16 08:00:00+00,244321,9854,1562,435,327,124,223,458,1522,1669,1052,609,578,6,1896,5019,4825,10,1841,{B75196C9-24EA-422F-8E31-6E7616CED154},6782,2.8695846
-12994883.727,3899795.7453,161,2020/06/17 08:00:00+00,254391,10092,1578,437,331,238,230,480,1548,1712,1075,621,583,8,1958,5144,4936,12,1877,{3BC1AA7C-AAFD-4CD9-9A0C-9D61AF5DCD5F},10070,2.75883288
-12994883.727,3899795.7453,162,2020/06/18 08:00:00+00,264935,10350,1595,443,332,258,234,507,1584,1756,1094,635,586,9,2020,5279,5060,11,1925,{A04648C3-8324-4654-984A-8EAB4F0F368B},10544,2.6267
-12994883.727,3899795.7453,163,2020/06/19 08:00:00+00,270529,10484,1604,443,338,134,238,521,1603,1764,1102,638,590,9,2073,5338,5134,12,1946,{D5220E43-E40E-4ECC-B285-8476CA1B8B62},5594,2.53607294
-12994883.727,3899795.7453,164,2020/06/20 08:00:00+00,274942,10794,1619,449,338,310,254,558,1633,1810,1129,645,604,9,2152,5485,5293,16,2000,{B72AA490-DF48-4683-B790-98713089C065},4413,2.79196377
-12994883.727,3899795.7453,165,2020/06/21 08:00:00+00,280773,11096,1627,451,338,302,264,583,1672,1840,1148,658,630,10,2239,5648,5430,18,2052,{2EA2BF6A-BBC4-4CAE-892E-66B62DF06296},5831,2.91374057
-12994883.727,3899795.7453,166,2020/06/22 08:00:00+00,287592,11294,1639,454,341,198,267,611,1697,1863,1163,663,629,10,2302,5755,5526,13,2089,{C9BEF1A3-743F-4886-91A0-DF325D01B8F8},6819,2.91918468
-12994883.727,3899795.7453,167,2020/06/23 08:00:00+00,294573,11626,1661,456,347,332,277,633,1745,1892,1203,683,643,11,2379,5917,5694,15,2160,{FCD4C476-C52E-4564-898D-D33C95C93879},6981,3.06503725
-12994883.727,3899795.7453,168,2020/06/24 08:00:00+00,304045,11961,1687,461,352,335,289,659,1796,1925,1218,695,653,10,2491,6103,5841,17,2225,{B7925C77-40D4-4F26-B59A-75CAF901B02B},9472,3.1036253
-12994883.727,3899795.7453,169,2020/06/25 08:00:00+00,310869,12401,1706,466,358,440,301,690,1852,1983,1252,712,662,11,2625,6315,6065,21,2313,{82346DE3-EA55-43C5-A11A-5D493A2C34E6},6824,3.4105
-12994883.727,3899795.7453,170,2020/06/26 08:00:00+00,320041,12837,1730,475,360,436,317,731,1914,2027,1283,731,672,12,2759,6538,6279,20,2391,{7B30E7A1-6B5E-4052-82E6-A24CB94AB0F2},9172,3.5479063
-12994883.727,3899795.7453,171,2020/06/27 08:00:00+00,328342,13334,1747,479,361,497,337,768,1974,2079,1330,761,702,14,2886,6808,6507,19,2483,{A7F46E0D-3042-43B7-BCAD-72BA3EF858FB},8301,3.8612565
-12994883.727,3899795.7453,172,2020/06/28 08:00:00+00,335250,13832,1754,481,361,498,348,814,2038,2139,1359,773,708,16,3033,7062,6740,30,2604,{266FCB1A-CD2A-48DA-94E4-4631BEAA0F70},6908,4.11705623
-12994883.727,3899795.7453,173,2020/06/29 08:00:00+00,342632,14149,1770,485,365,317,359,839,2084,2180,1388,778,717,19,3129,7215,6902,32,2656,{00D19AF0-080F-4DD2-9665-1FEDC7B1BF2F},7382,4.2048471
-12994883.727,3899795.7453,174,2020/06/30 08:00:00+00,350457,14623,1791,490,372,474,366,880,2156,2239,1408,793,726,19,3282,7447,7142,34,2754,{720CF99D-982D-486A-A987-E1B2183FCC82},7825,4.4933
-12994883.727,3899795.7453,175,2020/07/01 08:00:00+00,358967,15207,1821,497,377,584,385,917,2229,2310,1444,812,732,14,3495,7754,7401,52,2869,{5FAF2C8B-DC40-40FD-8684-0B2FB9DFC47D},8510,4.89117962
-12994883.727,3899795.7453,176,2020/07/02 08:00:00+00,366274,15696,1849,503,387,489,397,946,2297,2363,1490,827,752,16,3647,7993,7622,81,2961,{F803AA76-F3CD-4294-AD4F-CF40707788D6},7307,5.27536289
-12994883.727,3899795.7453,177,2020/07/03 08:00:00+00,373595,16164,1879,507,387,468,420,986,2352,2408,1517,842,758,17,3812,8219,7824,121,3052,{CA3813A9-7A27-465E-A21E-46877F17548D},7321,5.110318
-12994883.727,3899795.7453,178,2020/07/04 08:00:00+00,381690,16726,1899,510,387,562,447,1035,2420,2460,1565,854,776,17,3995,8514,8088,124,3157,{C02130E0-D846-4CDD-A1C5-50B151DB5E0F},8095,5.5570128
-12994883.727,3899795.7453,179,2020/07/05 08:00:00+00,389357,17000,1912,516,387,274,452,1070,2461,2489,1583,857,778,17,4080,8652,8223,125,3213,{708B0D0E-D854-4BA9-9DE4-D70BBF0A8130},7667,5.4373
-12994883.727,3899795.7453,180,2020/07/06 08:00:00+00,394887,17578,1923,517,399,578,471,1124,2534,2572,1629,875,792,16,4231,8940,8510,128,3334,{49D411EC-F8E3-42DA-BD1F-02D44BF551DF},5530,5.8567501
-12994883.727,3899795.7453,181,2020/07/07 08:00:00+00,402494,17842,1961,524,406,264,481,1148,2567,2604,1656,883,798,16,4305,9084,8632,126,3384,{53DB2235-B4D8-4C5B-A85A-E5D732880A1E},7607,5.7597687
-12994883.727,3899795.7453,182,2020/07/08 08:00:00+00,411444,18402,1974,525,415,560,510,1191,2635,2674,1698,904,812,18,4454,9367,8910,125,3506,{7DB74DD4-1E36-4B4D-BD29-C67EA3E11A35},8950,5.99726254
-12994883.727,3899795.7453,183,2020/07/09 08:00:00+00,419867,18863,2002,529,420,461,530,1243,2702,2731,1720,917,825,18,4595,9606,9130,127,3582,{E7BD53DC-E55E-4D76-883B-61DBE4A4802A},8423,5.9285
-12994883.727,3899795.7453,184,2020/07/10 08:00:00+00,428159,19371,2025,532,422,508,559,1290,2771,2792,1766,939,839,18,4725,9856,9389,126,3672,{D14A8AFC-3AEB-4F9C-B060-986F02A4E592},8292,6.043397
-12994883.727,3899795.7453,185,2020/07/11 08:00:00+00,436664,19929,2036,535,422,558,576,1335,2856,2860,1811,963,845,18,4890,10137,9659,133,3775,{A1D224A4-A4EA-4595-9928-176D35FA480E},8505,6.0883292
-12994883.727,3899795.7453,186,2020/07/12 08:00:00+00,443206,20348,2052,538,422,419,608,1380,2918,2913,1832,978,852,18,5002,10358,9853,137,3847,{85D549BD-03C4-4C9D-8499-0F4135C34531},6542,6.0358
-12994883.727,3899795.7453,187,2020/07/13 08:00:00+00,450452,20887,2073,541,436,539,630,1424,2997,2964,1867,993,862,19,5179,10638,10107,142,3952,{8EFBB937-8CF5-486A-B334-13BF897E41F4},7246,6.2493
-12994883.727,3899795.7453,188,2020/07/14 08:00:00+00,458888,21446,2093,546,448,559,642,1481,3080,3041,1902,1008,878,20,5325,10933,10387,126,4069,{F5EAEA26-0E5B-453D-9056-25C9FB0ADCA9},8436,6.29248093
-12994883.727,3899795.7453,189,2020/07/15 08:00:00+00,469332,21855,2127,558,465,409,661,1525,3144,3096,1924,1014,886,20,5429,11131,10589,135,4156,{78A539CE-8718-4CA0-AA65-CE152C98E318},10434,6.0241946
-12994883.727,3899795.7453,190,2020/07/16 08:00:00+00,478546,22489,2154,562,472,634,682,1581,3241,3192,1969,1028,895,20,5617,11462,10892,135,4264,{DDA874B6-C719-4556-A88B-9CFCA58F17FC},9224,6.05048453
-12994883.727,3899795.7453,191,2020/07/17 08:00:00+00,488836,23114,2180,567,478,625,695,1645,3320,3296,2010,1046,907,21,5780,11791,11192,131,4394,{2DF80561-5DCA-4A21-8F1E-8C23F6639452},10290,6.0308397
-12994883.727,3899795.7453,192,2020/07/18 08:00:00+00,497779,23682,2203,571,478,568,714,1699,3405,3375,2051,1062,916,24,5925,12079,11502,101,4511,{182FFFD5-FC62-427B-8D46-5839CDEE5DB7},8943,5.9919544
-12994883.727,3899795.7453,193,2020/07/19 08:00:00+00,505663,24135,2215,575,478,453,721,1735,3479,3442,2089,1075,917,25,6047,12324,11724,87,4605,{7E8BABE1-56E5-4D5E-A62B-E69F6106BB04},7884,6.1346792
-12994883.727,3899795.7453,194,2020/07/20 08:00:00+00,514693,24520,2237,578,487,385,730,1773,3537,3496,2110,1086,923,25,6160,12508,11923,89,4680,{7AF37BA4-A3BC-43C7-9937-51FF101F57EA},9030,5.7943676
-12994883.727,3899795.7453,195,2020/07/21 08:00:00+00,522973,25107,2279,592,505,587,754,1827,3621,3580,2150,1104,933,24,6328,12817,12204,86,4786,{513A2056-CE1C-4510-8598-2BDFAE85A528},8280,6.0300965
-12994883.727,3899795.7453,196,2020/07/22 08:00:00+00,531277,25608,2309,599,512,501,770,1879,3702,3644,2210,1118,947,26,6444,13082,12441,85,4868,{7624F56E-6428-445D-AE6F-B7A24FD81AB2},8304,6.0133686
-12994883.727,3899795.7453,197,2020/07/23 08:00:00+00,538251,26098,2330,602,524,490,786,1932,3777,3708,2237,1132,960,25,6564,13321,12692,85,4977,{E268B07A-D13C-4B6D-BCDF-431557FF310C},6974,6.1115
-12994883.727,3899795.7453,198,2020/07/24 08:00:00+00,554680,26701,2364,606,533,603,806,1994,3865,3799,2276,1151,987,24,6727,13624,12981,96,5072,{049FAA89-8C1F-491A-B98A-81125A004CE4},16429,5.7935046
-12994883.727,3899795.7453,199,2020/07/25 08:00:00+00,562185,26984,2391,614,533,283,821,2017,3908,3833,2303,1159,996,28,6793,13774,13105,105,5126,{31A565B9-E98D-419F-B6AE-E3CF6A530C44},7505,5.6205734
-12994883.727,3899795.7453,200,2020/07/26 08:00:00+00,568641,27507,2405,618,533,523,841,2057,3979,3892,2361,1188,1016,29,6931,14034,13343,130,5213,{455C88A3-33C6-4CF3-9FC7-00E65F0A4759},6456,5.7073385
-12994883.727,3899795.7453,202,2020/07/27 08:00:00+00,575264,28005,2430,626,547,498,859,2098,4039,3951,2402,1198,1024,29,7097,14277,13596,132,5308,{95B9C3D3-8999-403F-B282-B1F677AA480B},6623,5.70298
-12994883.727,3899795.7453,203,2020/07/28 08:00:00+00,582163,28287,2459,632,552,282,872,2122,4078,4002,2418,1205,1032,29,7179,14419,13740,128,5350,{3209D8E5-7E05-4C83-B970-4076EC8E21CA},6899,5.5493815
-12994883.727,3899795.7453,204,2020/07/29 08:00:00+00,590401,28668,2486,638,558,381,886,2166,4130,4055,2449,1210,1038,28,7287,14620,13922,126,5419,{1B57F1FA-DC68-4D3F-8DEC-C3E24852D4EC},8238,5.626905
-12994883.727,3899795.7453,205,2020/07/30 08:00:00+00,599467,29048,2521,642,561,380,894,2205,4198,4099,2477,1223,1041,28,7396,14833,14099,116,5487,{3BC32395-ED0F-4B0A-AC55-A78F73788230},9066,5.4242026
-12994883.727,3899795.7453,206,2020/07/31 08:00:00+00,608628,29577,2551,650,565,529,911,2255,4277,4167,2514,1238,1050,27,7543,15137,14324,116,5595,{2D5F90C5-EE79-4670-A255-4463FDD3FDF1},9161,5.395185
-12994883.727,3899795.7453,207,2020/08/01 08:00:00+00,614283,29883,2577,652,565,256,927,2284,4335,4199,2538,1250,1053,27,7618,15316,14459,108,5652,{33D5F0EB-21A9-4CE2-A07F-7FD01F4C1BA2},5655,5.322564
-12994883.727,3899795.7453,208,2020/08/02 08:00:00+00,620819,30226,2599,656,565,343,942,2317,4383,4247,2563,1270,1062,28,7692,15488,14614,124,5722,{A29FDB35-AECA-44E5-BDAA-49CABBA38F29},6536,5.2893466
-12994883.727,3899795.7453,209,2020/08/03 08:00:00+00,624987,30516,2627,662,568,290,946,2359,4416,4288,2588,1277,1067,28,7770,15641,14769,106,5777,{688A40EC-E5F6-454D-984B-0502DEE75CD1},4168,5.4363791
-12994883.727,3899795.7453,210,2020/08/04 08:00:00+00,631968,30864,2655,666,578,348,958,2406,4468,4326,2619,1285,1078,30,7858,15802,14958,104,5836,{D6DC6F4F-A197-4CC8-9A94-8866C75BFD61},6981,5.2818937
-12994883.727,3899795.7453,211,2020/08/05 08:00:00+00,643074,31127,2681,674,583,263,963,2436,4509,4360,2649,1292,1085,30,7922,15936,15094,97,5881,{FD517C24-3304-4CB8-8038-CC071CF3C6D7},11106,4.9366262
-12994883.727,3899795.7453,212,2020/08/06 08:00:00+00,654575,31779,2712,681,586,652,990,2499,4604,4445,2692,1301,1091,30,8105,16298,15377,104,6022,{7202291E-76DD-4E56-9E58-59CA4726AF51},11501,4.8837729
-12994883.727,3899795.7453,213,2020/08/07 08:00:00+00,664047,32330,2730,682,593,551,1007,2563,4690,4511,2737,1321,1106,32,8243,16590,15624,116,6120,{1906CCFD-7239-4DA3-B8F1-C926F0C95ACC},9472,5.1468907
-12994883.727,3899795.7453,214,2020/08/08 08:00:00+00,670283,32747,2745,687,594,417,1023,2603,4746,4585,2765,1337,1120,32,8337,16796,15829,122,6199,{6BB4D3FA-B18D-4209-AA1E-498D7F67D5D0},6236,5.3312735
-12994883.727,3899795.7453,215,2020/08/09 08:00:00+00,677853,32975,2752,689,594,228,1026,2623,4788,4615,2784,1353,1128,30,8387,16921,15936,118,6241,{2DA44749-4B06-4846-BAA0-2939D6AB07ED},7570,5.0067758
-12994883.727,3899795.7453,216,2020/08/10 08:00:00+00,683522,33157,2771,694,602,182,1029,2643,4808,4638,2798,1360,1134,30,8435,17016,16027,114,6282,{32800185-6311-4AE5-9B6F-D3FA51F2F454},5669,4.7590016
-12994883.727,3899795.7453,217,2020/08/11 08:00:00+00,690861,33393,2792,696,608,236,1051,2674,4829,4670,2819,1362,1139,32,8496,17135,16151,107,6321,{672092D3-EC55-4D52-9253-58451AE23952},7339,4.6974185
-12994883.727,3899795.7453,218,2020/08/12 08:00:00+00,698881,33659,2809,699,615,266,1060,2699,4875,4709,2835,1374,1141,32,8571,17274,16281,104,6363,{852DDC26-5738-4EE6-BC7E-3CE7D7BFEDDF},8020,4.60084808
-12994883.727,3899795.7453,219,2020/08/13 08:00:00+00,708389,34065,2823,703,622,406,1080,2741,4933,4765,2871,1384,1148,31,8672,17492,16471,102,6440,{5A974A2C-2DE4-4595-B4E5-18F32AEC9986},9508,4.60084808
-12994883.727,3899795.7453,220,2020/08/14 08:00:00+00,719657,34344,2835,710,626,279,1088,2759,4985,4814,2898,1391,1154,33,8730,17627,16614,103,6492,{D999DE1C-A450-4D07-9B36-C3F635E55605},11268,4.2934729
-12994883.727,3899795.7453,221,2020/08/15 08:00:00+00,726704,34678,2856,715,626,334,1107,2786,5026,4862,2923,1402,1162,32,8828,17811,16758,109,6550,{0A9EC3A3-B5C8-4011-99FC-0616D426F5FB},7047,4.2652
-12994883.727,3899795.7453,223,2020/08/16 08:00:00+00,733081,34960,2868,716,626,282,1121,2809,5070,4897,2948,1411,1166,34,8902,17956,16891,113,6602,{8901916B-2CB1-403D-BAB3-38F73197B8EF},6377,4.2169
-12994883.727,3899795.7453,224,2020/08/17 08:00:00+00,738665,35162,2890,719,633,202,1128,2827,5101,4935,2962,1412,1172,34,8948,18056,16996,110,6643,{02C60DC1-D971-4CDC-A4C2-BCDF9B222733},5584,4.0869825
-12994883.727,3899795.7453,225,2020/08/18 08:00:00+00,745446,35376,2916,723,638,214,1142,2850,5130,4964,2979,1422,1181,33,8994,18156,17112,108,6681,{52886B98-7B28-4C38-82A9-A71DED566915},6781,3.9761011
-12994883.727,3899795.7453,226,2020/08/19 08:00:00+00,755311,35608,2930,726,644,232,1147,2876,5174,5001,2993,1431,1189,33,9051,18276,17225,107,6713,{156FBE12-15B2-423A-B983-644FDA7A3D93},9865,3.9924446
-12994883.727,3899795.7453,227,2020/08/20 08:00:00+00,761878,35912,2946,726,652,304,1163,2891,5222,5050,3023,1440,1197,31,9118,18429,17378,105,6777,{172CCCB2-8D1D-43C0-A6D3-9C2619A77911},6567,3.8517096
-12994883.727,3899795.7453,228,2020/08/21 08:00:00+00,770702,36203,2961,728,660,291,1171,2909,5270,5086,3055,1447,1207,31,9199,18581,17515,107,6828,{83A5CA76-5BC6-49B3-AC30-FACD41BB6482},8824,3.6313347
-12994883.727,3899795.7453,229,2020/08/22 08:00:00+00,777485,36540,2978,729,660,337,1186,2939,5309,5138,3082,1462,1221,31,9294,18760,17673,107,6878,{E7DEF210-29DB-46F2-AA36-B25C6A023674},6783,3.5381803
-12994883.727,3899795.7453,230,2020/08/23 08:00:00+00,784836,36727,2989,733,660,187,1195,2963,5331,5153,3097,1468,1222,34,9350,18854,17766,107,6914,{3A5201E1-82B5-430B-9FA3-6F8BED5A91FC},7351,3.5070993
-12994883.727,3899795.7453,231,2020/08/24 08:00:00+00,790370,36994,3006,736,665,267,1203,2983,5376,5184,3130,1482,1224,33,9405,19001,17890,103,6974,{283F2381-C33B-4146-A4AF-4E99E64FD30C},5534,3.5910827
-12994883.727,3899795.7453,232,2020/08/25 08:00:00+00,798697,37222,3022,738,668,228,1212,3004,5408,5216,3146,1498,1234,33,9459,19134,17986,102,7012,{0795754C-97DD-4A51-948A-72720EA240E7},8327,3.5507623
-12994883.727,3899795.7453,233,2020/08/26 08:00:00+00,803932,37499,3040,738,673,277,1226,3035,5450,5248,3165,1505,1243,29,9535,19283,18114,102,7063,{5831313C-6B9D-4944-8280-D3017728C871},5235,3.65536739
-12994883.727,3899795.7453,234,2020/08/27 08:00:00+00,812753,37784,3065,746,676,285,1243,3068,5484,5290,3185,1517,1254,31,9602,19408,18271,105,7110,{7C881CA4-E4AD-474B-A763-3ABBD01C7279},8821,3.5634893
-12994883.727,3899795.7453,235,2020/08/28 08:00:00+00,819549,38047,3083,749,679,263,1261,3091,5518,5320,3211,1526,1265,31,9666,19542,18405,100,7158,{75FFF710-F400-4217-9FE7-EF75AE14B116},6796,3.7070036
-12994883.727,3899795.7453,236,2020/08/29 08:00:00+00,824909,38300,3099,750,682,253,1272,3114,5557,5360,3232,1536,1270,31,9717,19656,18542,102,7211,{BA2184E6-52C0-4681-BB6A-7997ABCD0D6F},5360,3.6882032
-12994883.727,3899795.7453,237,2020/08/30 08:00:00+00,830640,38604,3111,750,682,304,1283,3147,5608,5406,3254,1544,1276,31,9795,19814,18686,104,7260,{564BD929-0A56-4413-8AD5-411ECD66E531},5731,3.7351756
-12994883.727,3899795.7453,238,2020/08/31 08:00:00+00,837626,38871,3125,755,688,267,1287,3180,5653,5434,3276,1556,1290,34,9855,19950,18819,102,7306,{1D5823EF-6466-47DE-9F11-71B81D64025C},6986,3.7479411
-12994883.727,3899795.7453,239,2020/09/01 08:00:00+00,845232,39121,3142,760,695,250,1294,3237,5690,5471,3289,1563,1296,33,9909,20095,18922,104,7339,{0D8A7154-B80A-48C5-83E4-C0A18A13251E},7606,3.7530315
-12994883.727,3899795.7453,240,2020/09/02 08:00:00+00,854263,39446,3169,767,700,325,1305,3309,5731,5509,3309,1573,1311,31,9988,20261,19086,99,7380,{FD255622-BCEE-4CEA-88C9-ECE39CBDF6F6},9031,3.87648233
-12994883.727,3899795.7453,241,2020/09/03 08:00:00+00,861817,39899,3194,768,701,453,1320,3412,5788,5555,3334,1589,1317,32,10117,20479,19312,108,7435,{7965F319-6459-4DA4-8CDD-3DA92BB4EAAB},7554,3.98943355
-12994883.727,3899795.7453,242,2020/09/04 08:00:00+00,869262,40342,3199,768,704,443,1331,3511,5847,5611,3359,1605,1321,32,10224,20684,19549,109,7501,{6BA03562-0646-421F-B29E-AB7C7E34C8DA},7445,4.1994724
-12994883.727,3899795.7453,243,2020/09/05 08:00:00+00,873533,40650,3214,772,707,308,1339,3594,5873,5641,3372,1611,1324,32,10321,20858,19680,112,7543,{9963F15E-664C-495A-BDB7-7E57FB5B6DA4},4271,4.27910444
-12994883.727,3899795.7453,244,2020/09/07 08:00:00+00,885048,41077,3232,779,709,211,1346,3685,5940,5697,3399,1624,1340,34,10418,21069,19898,110,7594,{583E646A-810D-4ACE-84B6-465EBFC086A5},4727,4.3347123
-12994883.727,3899795.7453,245,2020/09/06 08:00:00+00,880321,40866,3225,777,708,216,1346,3629,5919,5672,3388,1616,1330,33,10364,20965,19788,113,7569,{EB1D16C5-D8A2-483F-AAE1-4B7518731E5C},6788,4.3125119
-12994883.727,3899795.7453,246,2020/09/08 08:00:00+00,880321,41324,3237,773,721,247,1351,3728,5972,5722,3419,1632,1343,34,10493,21179,20035,110,7630,{407E67B6-999D-4CF4-9254-EAC378C41528},6788,4.5123038
-12994883.727,3899795.7453,247,2020/09/09 08:00:00+00,897915,41608,3253,775,725,284,1362,3830,5995,5754,3434,1643,1351,38,10542,21325,20173,110,7659,{4C5A4AAD-D2E0-4ACF-B538-F3917A43155D},8311,4.3720672
-12994883.727,3899795.7453,248,2020/09/10 08:00:00+00,907123,41969,3266,775,730,361,1378,3894,6042,5795,3456,1656,1355,35,10637,21489,20368,112,7721,{87BFD444-16C0-4465-975D-46027BDCBB3A},9208,4.43467203
-12994883.727,3899795.7453,249,2020/09/11 08:00:00+00,915654,42414,3278,777,734,445,1394,3959,6107,5843,3482,1671,1363,33,10758,21687,20616,111,7804,{D6CC361E-530F-4501-9322-DCEA65FCB745},8531,4.5439883
